{"cameraMode":{"drawMode":0,"name":"Shaded","section":"Shading Mode"},"sceneLighting":false,"audioPlay":false,"sceneViewState":{"m_AlwaysRefresh":false,"showFog":true,"showSkybox":false,"showFlares":true,"showImageEffects":true,"showParticleSystems":true,"showVisualEffectGraphs":true,"m_FxEnabled":true},"in2DMode":false,"pivot":{"x":2.146336317062378,"y":0.41414445638656618,"z":3.3237462043762209},"rotation":{"x":-0.14231060445308686,"y":0.021103298291563989,"z":-0.002931336872279644,"w":-0.9896956086158752},"size":4.299077987670898,"orthographic":false}