{"cameraMode":{"drawMode":0,"name":"Shaded","section":"Shading Mode"},"sceneLighting":false,"audioPlay":false,"sceneViewState":{"m_AlwaysRefresh":false,"showFog":true,"showSkybox":false,"showFlares":true,"showImageEffects":true,"showParticleSystems":true,"showVisualEffectGraphs":true,"m_FxEnabled":true},"in2DMode":false,"pivot":{"x":-0.26545578241348269,"y":0.3485051393508911,"z":0.7395883798599243},"rotation":{"x":0.32004114985466006,"y":-0.6321336030960083,"z":0.32212013006210329,"w":0.6279598474502564},"size":1.1942380666732789,"orthographic":true}