{"cameraMode":{"drawMode":0,"name":"Shaded","section":"Shading Mode"},"sceneLighting":false,"audioPlay":false,"sceneViewState":{"m_AlwaysRefresh":false,"showFog":true,"showSkybox":false,"showFlares":true,"showImageEffects":true,"showParticleSystems":true,"showVisualEffectGraphs":true,"m_FxEnabled":true},"in2DMode":false,"pivot":{"x":0.35197940468788149,"y":1.1974492073059083,"z":-1.3446813821792603},"rotation":{"x":0.16087545454502107,"y":-0.3212675452232361,"z":0.05547448992729187,"w":0.9315980672836304},"size":2.0601675510406496,"orthographic":true}