{"cameraMode":{"drawMode":0,"name":"Shaded","section":"Shading Mode"},"sceneLighting":true,"audioPlay":false,"sceneViewState":{"m_AlwaysRefresh":false,"showFog":true,"showSkybox":true,"showFlares":true,"showImageEffects":true,"showParticleSystems":true,"showVisualEffectGraphs":true,"m_FxEnabled":true},"in2DMode":false,"pivot":{"x":2.4722559452056886,"y":-3.1104660034179689,"z":13.439472198486329},"rotation":{"x":-0.21597570180892945,"y":0.035463109612464908,"z":-0.007753849029541016,"w":-0.9758270978927612},"size":13.775991439819336,"orthographic":false}