{"cameraMode":{"drawMode":0,"name":"Shaded","section":"Shading Mode"},"sceneLighting":true,"audioPlay":false,"sceneViewState":{"m_AlwaysRefresh":false,"showFog":true,"showSkybox":true,"showFlares":true,"showImageEffects":true,"showParticleSystems":true,"showVisualEffectGraphs":true,"m_FxEnabled":true},"in2DMode":false,"pivot":{"x":2.1975789070129396,"y":0.09945487976074219,"z":3.9708290100097658},"rotation":{"x":0.37255603075027468,"y":-0.3521411716938019,"z":0.1553666740655899,"w":0.844448983669281},"size":2.247922658920288,"orthographic":true}