{"cameraMode":{"drawMode":0,"name":"Shaded","section":"Shading Mode"},"sceneLighting":true,"audioPlay":false,"sceneViewState":{"m_AlwaysRefresh":false,"showFog":true,"showSkybox":true,"showFlares":true,"showImageEffects":true,"showParticleSystems":true,"showVisualEffectGraphs":true,"m_FxEnabled":true},"in2DMode":false,"pivot":{"x":-1.5726497173309327,"y":-27.192440032958986,"z":62.272071838378909},"rotation":{"x":0.20543162524700166,"y":-0.029926346614956857,"z":0.006287565920501947,"w":0.9782080054283142},"size":36.476139068603519,"orthographic":false}