{"cameraMode":{"drawMode":0,"name":"Shaded","section":"Shading Mode"},"sceneLighting":false,"audioPlay":false,"sceneViewState":{"m_AlwaysRefresh":false,"showFog":true,"showSkybox":false,"showFlares":true,"showImageEffects":true,"showParticleSystems":true,"showVisualEffectGraphs":true,"m_FxEnabled":true},"in2DMode":false,"pivot":{"x":-0.2065720558166504,"y":-0.8381819725036621,"z":0.5009422302246094},"rotation":{"x":0.06453897804021836,"y":-0.9051515460014343,"z":0.3931954503059387,"w":0.1484750211238861},"size":2.8412230014801027,"orthographic":true}