{"cameraMode":{"drawMode":0,"name":"Shaded","section":"Shading Mode"},"sceneLighting":false,"audioPlay":false,"sceneViewState":{"m_AlwaysRefresh":false,"showFog":true,"showSkybox":false,"showFlares":true,"showImageEffects":true,"showParticleSystems":true,"showVisualEffectGraphs":true,"m_FxEnabled":true},"in2DMode":false,"pivot":{"x":2.5955862998962404,"y":-0.9701968431472778,"z":2.2480642795562746},"rotation":{"x":-0.08932480216026306,"y":-0.8869380354881287,"z":0.19355903565883637,"w":-0.40990936756134035},"size":2.2755703926086427,"orthographic":false}