{"cameraMode":{"drawMode":0,"name":"Shaded","section":"Shading Mode"},"sceneLighting":false,"audioPlay":false,"sceneViewState":{"m_AlwaysRefresh":false,"showFog":true,"showSkybox":false,"showFlares":true,"showImageEffects":true,"showParticleSystems":true,"showVisualEffectGraphs":true,"m_FxEnabled":true},"in2DMode":false,"pivot":{"x":0.11058688163757324,"y":1.3186249732971192,"z":0.36534786224365237},"rotation":{"x":0.06453897804021836,"y":-0.9051515460014343,"z":0.3931954503059387,"w":0.1484750211238861},"size":1.877308964729309,"orthographic":true}